<?xml version="1.0"?>
<opencv_storage>
<!-- Created using Computer Vision System Toolbox(tm) for MATLAB(R) -->
<!-- Version 8.5.0.197613 (R2015a) -->
<!-- Compatible with OpenCV 2.4 -->
<cascade>
  <stageType>BOOST</stageType>
  <featureType>HOG</featureType>
  <height>32</height>
  <width>46</width>
  <stageParams>
    <boostType>GAB</boostType>
    <minHitRate>9.9500000476837158e-01</minHitRate>
    <maxFalseAlarm>1.0000000149011612e-01</maxFalseAlarm>
    <weightTrimRate>9.4999999999999996e-01</weightTrimRate>
    <maxDepth>1</maxDepth>
    <maxWeakCount>100</maxWeakCount></stageParams>
  <featureParams>
    <maxCatCount>0</maxCatCount>
    <featSize>36</featSize></featureParams>
  <stageNum>7</stageNum>
  <stages>
    <!-- stage 0 -->
    <_>
      <maxWeakCount>4</maxWeakCount>
      <stageThreshold>-7.1719282865524292e-01</stageThreshold>
      <weakClassifiers>
        <_>
          <internalNodes>
            0 -1 18 3.0568998306989670e-02</internalNodes>
          <leafValues>
            -8.6666667461395264e-01 9.2156863212585449e-01</leafValues></_>
        <_>
          <internalNodes>
            0 -1 13 2.2073173895478249e-02</internalNodes>
          <leafValues>
            -9.6169674396514893e-01 5.3753292560577393e-01</leafValues></_>
        <_>
          <internalNodes>
            0 -1 0 1.9891809672117233e-02</internalNodes>
          <leafValues>
            -8.5908597707748413e-01 6.6389143466949463e-01</leafValues></_>
        <_>
          <internalNodes>
            0 -1 29 8.1411153078079224e-03</internalNodes>
          <leafValues>
            4.7102695703506470e-01 -9.6977192163467407e-01</leafValues></_></weakClassifiers></_>
    <!-- stage 1 -->
    <_>
      <maxWeakCount>4</maxWeakCount>
      <stageThreshold>-4.8432576656341553e-01</stageThreshold>
      <weakClassifiers>
        <_>
          <internalNodes>
            0 -1 31 3.0457653105258942e-02</internalNodes>
          <leafValues>
            -8.7387388944625854e-01 6.6666668653488159e-01</leafValues></_>
        <_>
          <internalNodes>
            0 -1 15 3.0720561742782593e-02</internalNodes>
          <leafValues>
            -8.0992060899734497e-01 7.2373002767562866e-01</leafValues></_>
        <_>
          <internalNodes>
            0 -1 27 2.2883592173457146e-02</internalNodes>
          <leafValues>
            -9.2498064041137695e-01 5.9523612260818481e-01</leafValues></_>
        <_>
          <internalNodes>
            0 -1 28 1.4097468927502632e-02</internalNodes>
          <leafValues>
            -9.6138095855712891e-01 6.0423254966735840e-01</leafValues></_></weakClassifiers></_>
    <!-- stage 2 -->
    <_>
      <maxWeakCount>4</maxWeakCount>
      <stageThreshold>-3.4998175501823425e-01</stageThreshold>
      <weakClassifiers>
        <_>
          <internalNodes>
            0 -1 29 8.3034578710794449e-03</internalNodes>
          <leafValues>
            7.4603176116943359e-01 -9.6296298503875732e-01</leafValues></_>
        <_>
          <internalNodes>
            0 -1 23 1.4023546129465103e-02</internalNodes>
          <leafValues>
            5.2675688266754150e-01 -9.8034131526947021e-01</leafValues></_>
        <_>
          <internalNodes>
            0 -1 10 7.8710680827498436e-03</internalNodes>
          <leafValues>
            8.0059379339218140e-01 -8.4725493192672729e-01</leafValues></_>
        <_>
          <internalNodes>
            0 -1 12 3.9686183445155621e-03</internalNodes>
          <leafValues>
            9.3347924947738647e-01 -7.0318639278411865e-01</leafValues></_></weakClassifiers></_>
    <!-- stage 3 -->
    <_>
      <maxWeakCount>6</maxWeakCount>
      <stageThreshold>-6.9115942716598511e-01</stageThreshold>
      <weakClassifiers>
        <_>
          <internalNodes>
            0 -1 21 7.3591512627899647e-03</internalNodes>
          <leafValues>
            3.8461539149284363e-01 -9.3548387289047241e-01</leafValues></_>
        <_>
          <internalNodes>
            0 -1 22 4.1529491543769836e-02</internalNodes>
          <leafValues>
            -7.1252250671386719e-01 5.2225154638290405e-01</leafValues></_>
        <_>
          <internalNodes>
            0 -1 9 6.3875745981931686e-03</internalNodes>
          <leafValues>
            7.4688202142715454e-01 -5.8962988853454590e-01</leafValues></_>
        <_>
          <internalNodes>
            0 -1 4 5.1746331155300140e-03</internalNodes>
          <leafValues>
            7.0673155784606934e-01 -7.1364974975585938e-01</leafValues></_>
        <_>
          <internalNodes>
            0 -1 16 1.9422445446252823e-02</internalNodes>
          <leafValues>
            -8.0326807498931885e-01 5.6639772653579712e-01</leafValues></_>
        <_>
          <internalNodes>
            0 -1 17 2.3089520633220673e-02</internalNodes>
          <leafValues>
            -8.8082081079483032e-01 4.9210873246192932e-01</leafValues></_></weakClassifiers></_>
    <!-- stage 4 -->
    <_>
      <maxWeakCount>3</maxWeakCount>
      <stageThreshold>1.2236895412206650e-01</stageThreshold>
      <weakClassifiers>
        <_>
          <internalNodes>
            0 -1 2 7.2356541641056538e-03</internalNodes>
          <leafValues>
            5.5172413587570190e-01 -7.8761059045791626e-01</leafValues></_>
        <_>
          <internalNodes>
            0 -1 6 6.2636290676891804e-03</internalNodes>
          <leafValues>
            4.7976717352867126e-01 -9.1346758604049683e-01</leafValues></_>
        <_>
          <internalNodes>
            0 -1 11 1.9096486270427704e-02</internalNodes>
          <leafValues>
            5.0796997547149658e-01 -9.0912234783172607e-01</leafValues></_></weakClassifiers></_>
    <!-- stage 5 -->
    <_>
      <maxWeakCount>6</maxWeakCount>
      <stageThreshold>-6.9529956579208374e-01</stageThreshold>
      <weakClassifiers>
        <_>
          <internalNodes>
            0 -1 26 2.7582038193941116e-02</internalNodes>
          <leafValues>
            -8.2524269819259644e-01 4.1176471114158630e-01</leafValues></_>
        <_>
          <internalNodes>
            0 -1 30 2.5746867060661316e-02</internalNodes>
          <leafValues>
            -1. 2.8206595778465271e-01</leafValues></_>
        <_>
          <internalNodes>
            0 -1 14 4.2844783514738083e-02</internalNodes>
          <leafValues>
            -6.7050355672836304e-01 5.4414939880371094e-01</leafValues></_>
        <_>
          <internalNodes>
            0 -1 25 2.4847403168678284e-02</internalNodes>
          <leafValues>
            -6.2029260396957397e-01 6.5321898460388184e-01</leafValues></_>
        <_>
          <internalNodes>
            0 -1 8 3.0576859135180712e-03</internalNodes>
          <leafValues>
            7.0573794841766357e-01 -5.2675533294677734e-01</leafValues></_>
        <_>
          <internalNodes>
            0 -1 20 2.2732101380825043e-02</internalNodes>
          <leafValues>
            -9.2816680669784546e-01 4.2842119932174683e-01</leafValues></_></weakClassifiers></_>
    <!-- stage 6 -->
    <_>
      <maxWeakCount>6</maxWeakCount>
      <stageThreshold>-2.1550415456295013e-01</stageThreshold>
      <weakClassifiers>
        <_>
          <internalNodes>
            0 -1 5 1.3063830323517323e-02</internalNodes>
          <leafValues>
            -8.8235294818878174e-01 6.1764705181121826e-01</leafValues></_>
        <_>
          <internalNodes>
            0 -1 24 8.0573223531246185e-03</internalNodes>
          <leafValues>
            5.2451479434967041e-01 -8.2104390859603882e-01</leafValues></_>
        <_>
          <internalNodes>
            0 -1 19 2.6056092232465744e-02</internalNodes>
          <leafValues>
            -7.3658972978591919e-01 6.4015686511993408e-01</leafValues></_>
        <_>
          <internalNodes>
            0 -1 7 2.8175529092550278e-02</internalNodes>
          <leafValues>
            -6.2404853105545044e-01 6.5115493535995483e-01</leafValues></_>
        <_>
          <internalNodes>
            0 -1 3 1.6344191972166300e-03</internalNodes>
          <leafValues>
            8.3070880174636841e-01 -4.6199414134025574e-01</leafValues></_>
        <_>
          <internalNodes>
            0 -1 1 8.6027495563030243e-03</internalNodes>
          <leafValues>
            -9.2061805725097656e-01 4.6496638655662537e-01</leafValues></_></weakClassifiers></_></stages>
  <features>
    <_>
      <rect>
        0 0 8 8 18</rect></_>
    <_>
      <rect>
        0 8 8 8 18</rect></_>
    <_>
      <rect>
        0 16 8 8 21</rect></_>
    <_>
      <rect>
        4 0 8 8 6</rect></_>
    <_>
      <rect>
        4 16 8 8 18</rect></_>
    <_>
      <rect>
        8 16 8 8 9</rect></_>
    <_>
      <rect>
        16 16 8 8 35</rect></_>
    <_>
      <rect>
        20 0 8 8 30</rect></_>
    <_>
      <rect>
        28 0 8 8 10</rect></_>
    <_>
      <rect>
        28 0 8 8 17</rect></_>
    <_>
      <rect>
        28 8 8 8 12</rect></_>
    <_>
      <rect>
        28 16 8 8 31</rect></_>
    <_>
      <rect>
        28 16 8 8 32</rect></_>
    <_>
      <rect>
        0 0 8 16 26</rect></_>
    <_>
      <rect>
        4 0 8 16 1</rect></_>
    <_>
      <rect>
        28 0 8 16 15</rect></_>
    <_>
      <rect>
        28 0 8 16 35</rect></_>
    <_>
      <rect>
        0 0 16 8 30</rect></_>
    <_>
      <rect>
        0 4 16 8 18</rect></_>
    <_>
      <rect>
        0 4 16 8 28</rect></_>
    <_>
      <rect>
        0 16 16 8 15</rect></_>
    <_>
      <rect>
        0 16 16 8 35</rect></_>
    <_>
      <rect>
        4 0 16 8 19</rect></_>
    <_>
      <rect>
        4 4 16 8 17</rect></_>
    <_>
      <rect>
        8 4 16 8 8</rect></_>
    <_>
      <rect>
        8 16 16 8 20</rect></_>
    <_>
      <rect>
        12 4 16 8 24</rect></_>
    <_>
      <rect>
        12 12 16 8 28</rect></_>
    <_>
      <rect>
        12 16 16 8 23</rect></_>
    <_>
      <rect>
        12 16 16 8 26</rect></_>
    <_>
      <rect>
        4 0 16 16 24</rect></_>
    <_>
      <rect>
        4 0 16 16 28</rect></_></features></cascade>
</opencv_storage>
