<?xml version="1.0"?>
<opencv_storage>
<!-- Created using Computer Vision System Toolbox(tm) for MATLAB(R) -->
<!-- Version 8.5.0.197613 (R2015a) -->
<!-- Compatible with OpenCV 2.4 -->
<cascade>
  <stageType>BOOST</stageType>
  <featureType>HOG</featureType>
  <height>32</height>
  <width>35</width>
  <stageParams>
    <boostType>GAB</boostType>
    <minHitRate>9.9500000476837158e-01</minHitRate>
    <maxFalseAlarm>2.0000000298023224e-01</maxFalseAlarm>
    <weightTrimRate>9.4999999999999996e-01</weightTrimRate>
    <maxDepth>1</maxDepth>
    <maxWeakCount>100</maxWeakCount></stageParams>
  <featureParams>
    <maxCatCount>0</maxCatCount>
    <featSize>36</featSize></featureParams>
  <stageNum>8</stageNum>
  <stages>
    <!-- stage 0 -->
    <_>
      <maxWeakCount>2</maxWeakCount>
      <stageThreshold>-7.2533138096332550e-02</stageThreshold>
      <weakClassifiers>
        <_>
          <internalNodes>
            0 -1 3 5.2624363452196121e-03</internalNodes>
          <leafValues>
            9.0909093618392944e-01 -8.4905660152435303e-01</leafValues></_>
        <_>
          <internalNodes>
            0 -1 12 3.4480229020118713e-02</internalNodes>
          <leafValues>
            -9.2711776494979858e-01 7.7652347087860107e-01</leafValues></_></weakClassifiers></_>
    <!-- stage 1 -->
    <_>
      <maxWeakCount>2</maxWeakCount>
      <stageThreshold>3.9958372712135315e-02</stageThreshold>
      <weakClassifiers>
        <_>
          <internalNodes>
            0 -1 8 3.6333546042442322e-02</internalNodes>
          <leafValues>
            -8.4905660152435303e-01 9.0909093618392944e-01</leafValues></_>
        <_>
          <internalNodes>
            0 -1 13 3.9684578776359558e-02</internalNodes>
          <leafValues>
            -8.6913251876831055e-01 9.4853842258453369e-01</leafValues></_></weakClassifiers></_>
    <!-- stage 2 -->
    <_>
      <maxWeakCount>2</maxWeakCount>
      <stageThreshold>1.2906508147716522e-01</stageThreshold>
      <weakClassifiers>
        <_>
          <internalNodes>
            0 -1 2 1.5185611322522163e-02</internalNodes>
          <leafValues>
            1. -8.5185188055038452e-01</leafValues></_>
        <_>
          <internalNodes>
            0 -1 10 4.3475739657878876e-03</internalNodes>
          <leafValues>
            1. -8.7093490362167358e-01</leafValues></_></weakClassifiers></_>
    <!-- stage 3 -->
    <_>
      <maxWeakCount>2</maxWeakCount>
      <stageThreshold>-3.8968246430158615e-02</stageThreshold>
      <weakClassifiers>
        <_>
          <internalNodes>
            0 -1 7 3.7507452070713043e-03</internalNodes>
          <leafValues>
            1. -8.8679248094558716e-01</leafValues></_>
        <_>
          <internalNodes>
            0 -1 16 9.9127851426601410e-03</internalNodes>
          <leafValues>
            8.4782421588897705e-01 -9.6270996332168579e-01</leafValues></_></weakClassifiers></_>
    <!-- stage 4 -->
    <_>
      <maxWeakCount>2</maxWeakCount>
      <stageThreshold>-1.6713249683380127e-01</stageThreshold>
      <weakClassifiers>
        <_>
          <internalNodes>
            0 -1 15 2.6614796370267868e-02</internalNodes>
          <leafValues>
            -8.3673471212387085e-01 6.1538463830947876e-01</leafValues></_>
        <_>
          <internalNodes>
            0 -1 6 5.1068360917270184e-03</internalNodes>
          <leafValues>
            7.7796983718872070e-01 -7.8251713514328003e-01</leafValues></_></weakClassifiers></_>
    <!-- stage 5 -->
    <_>
      <maxWeakCount>3</maxWeakCount>
      <stageThreshold>3.7535893917083740e-01</stageThreshold>
      <weakClassifiers>
        <_>
          <internalNodes>
            0 -1 0 3.1837571412324905e-02</internalNodes>
          <leafValues>
            -8.6956518888473511e-01 5.1724135875701904e-01</leafValues></_>
        <_>
          <internalNodes>
            0 -1 14 2.8530662879347801e-02</internalNodes>
          <leafValues>
            -8.3675283193588257e-01 7.1819543838500977e-01</leafValues></_>
        <_>
          <internalNodes>
            0 -1 5 4.1887022554874420e-02</internalNodes>
          <leafValues>
            -8.6007785797119141e-01 7.1412026882171631e-01</leafValues></_></weakClassifiers></_>
    <!-- stage 6 -->
    <_>
      <maxWeakCount>3</maxWeakCount>
      <stageThreshold>1.4587375521659851e-01</stageThreshold>
      <weakClassifiers>
        <_>
          <internalNodes>
            0 -1 1 2.1916855126619339e-02</internalNodes>
          <leafValues>
            -1. 4.7058823704719543e-01</leafValues></_>
        <_>
          <internalNodes>
            0 -1 11 6.2273796647787094e-03</internalNodes>
          <leafValues>
            6.9968968629837036e-01 -7.5623953342437744e-01</leafValues></_>
        <_>
          <internalNodes>
            0 -1 9 1.5553083270788193e-02</internalNodes>
          <leafValues>
            4.3152508139610291e-01 -1.</leafValues></_></weakClassifiers></_>
    <!-- stage 7 -->
    <_>
      <maxWeakCount>1</maxWeakCount>
      <stageThreshold>9.2307692766189575e-01</stageThreshold>
      <weakClassifiers>
        <_>
          <internalNodes>
            0 -1 4 2.6431385427713394e-02</internalNodes>
          <leafValues>
            9.2307692766189575e-01 -1.</leafValues></_></weakClassifiers></_></stages>
  <features>
    <_>
      <rect>
        0 0 8 8 19</rect></_>
    <_>
      <rect>
        0 0 8 8 30</rect></_>
    <_>
      <rect>
        0 4 8 8 4</rect></_>
    <_>
      <rect>
        0 12 8 8 21</rect></_>
    <_>
      <rect>
        0 12 8 8 22</rect></_>
    <_>
      <rect>
        0 16 8 8 8</rect></_>
    <_>
      <rect>
        4 12 8 8 19</rect></_>
    <_>
      <rect>
        4 12 8 8 35</rect></_>
    <_>
      <rect>
        12 0 8 8 32</rect></_>
    <_>
      <rect>
        12 12 8 8 18</rect></_>
    <_>
      <rect>
        16 0 8 8 10</rect></_>
    <_>
      <rect>
        16 12 8 8 26</rect></_>
    <_>
      <rect>
        0 0 8 16 11</rect></_>
    <_>
      <rect>
        16 0 8 16 15</rect></_>
    <_>
      <rect>
        16 0 8 16 28</rect></_>
    <_>
      <rect>
        0 4 16 8 34</rect></_>
    <_>
      <rect>
        0 12 16 8 34</rect></_></features></cascade>
</opencv_storage>
